Sale_Price,No of Bedrooms,No of Bathrooms,Flat Area (in Sqft),Lot Area (in Sqft),No of Floors,No of Times Visited,Overall Grade,Area of the House from Basement (in Sqft),Basement Area (in Sqft),Age of House (in Years),Latitude,Longitude,Living Area after Renovation (in Sqft),Lot Area after Renovation (in Sqft),Years Since Renovation,Condition_of_the_House_Excellent,Condition_of_the_House_Fair,Condition_of_the_House_Good,Condition_of_the_House_Okay,Ever_Renovated_Yes,Waterfront_View_Yes,Zipcode_Group_Zipcode_Group_1,Zipcode_Group_Zipcode_Group_2,Zipcode_Group_Zipcode_Group_3,Zipcode_Group_Zipcode_Group_4,Zipcode_Group_Zipcode_Group_5,Zipcode_Group_Zipcode_Group_6,Zipcode_Group_Zipcode_Group_7,Zipcode_Group_Zipcode_Group_8,Zipcode_Group_Zipcode_Group_9
221900,3,1,1180,5650,1,0,7,1180,0,63,47.5112,-122.257,1340,5650,0,0,1,0,0,0,0,0,0,0,0,0,0,0,0,0
538000,3,2.25,2570,7242,2,0,7,2170,400,67,47.721,-122.319,1690,7639,26,0,1,0,0,1,0,0,1,0,0,0,0,0,0,0
180000,2,1,770,10000,1,0,6,770,0,85,47.7379,-122.233,2720,8062,0,0,1,0,0,0,0,0,1,0,0,0,0,0,0,0
604000,4,3,1960,5000,1,0,7,1050,910,53,47.5208,-122.393,1360,5000,0,1,0,0,0,0,0,0,0,1,0,0,0,0,0,0
510000,3,2,1680,8080,1,0,8,1680,0,31,47.6168,-122.045,1800,7503,0,0,1,0,0,0,0,0,0,0,1,0,0,0,0,0
1129575,4,4.5,5420,101930,1,0,10,3890,1530,17,47.6561,-122.005,4760,101930,0,0,1,0,0,0,0,0,0,0,1,0,0,0,0,0
257500,3,2.25,1715,6819,2,0,7,1715,0,23,47.3097,-122.327,2238,6819,0,0,1,0,0,0,0,0,0,0,0,0,0,0,0,0
291850,3,1.5,1060,9711,1,0,7,1060,0,55,47.4095,-122.315,1650,9711,0,0,1,0,0,0,0,0,0,0,0,0,0,0,0,0
229500,3,1,1780,7470,1,0,7,1050,730,58,47.5123,-122.337,1780,8113,0,0,1,0,0,0,0,1,0,0,0,0,0,0,0,0
323000,3,2.5,1890,6560,2,0,7,1890,0,15,47.3684,-122.031,2390,7570,0,0,1,0,0,0,0,1,0,0,0,0,0,0,0,0
662500,3,2.5,3560,9796,1,0,8,1860,1700,53,47.6007,-122.145,2210,8925,0,0,1,0,0,0,0,0,0,0,1,0,0,0,0,0
468000,2,1,1160,6000,1,0,7,860,300,76,47.69,-122.292,1330,6000,0,0,0,1,0,0,0,0,0,0,1,0,0,0,0,0
310000,3,1,1430,19901,1.5,0,7,1430,0,91,47.7558,-122.229,1780,12697,0,0,0,1,0,0,0,0,1,0,0,0,0,0,0,0
400000,3,1.75,1370,9680,1,0,7,1370,0,41,47.6127,-122.045,1370,10208,0,0,0,1,0,0,0,0,0,0,1,0,0,0,0,0
530000,5,2,1810,4850,1.5,0,7,1810,0,118,47.67,-122.394,1360,4850,0,0,1,0,0,0,0,0,0,1,0,0,0,0,0,0
650000,4,3,2950,5000,2,3,9,1980,970,39,47.5714,-122.375,2140,4000,0,0,1,0,0,0,0,0,1,0,0,0,0,0,0,0
395000,3,2,1890,14040,2,0,7,1890,0,24,47.7277,-121.962,1890,14018,0,0,1,0,0,0,0,0,1,0,0,0,0,0,0,0
485000,4,1,1600,4300,1.5,0,7,1600,0,102,47.6648,-122.343,1610,4300,0,0,0,1,0,0,0,0,0,1,0,0,0,0,0,0
189000,2,1,1200,9850,1,0,7,1200,0,97,47.3089,-122.21,1060,5095,0,0,0,1,0,0,0,0,0,0,0,0,0,0,0,0
230000,3,1,1250,9774,1,0,7,1250,0,49,47.3343,-122.306,1280,8850,0,0,0,1,0,0,0,0,0,0,0,0,0,0,0,0
385000,4,1.75,1620,4980,1,0,7,860,760,71,47.7025,-122.341,1400,4980,0,0,0,1,0,0,0,1,0,0,0,0,0,0,0,0
1129575,3,2.75,3050,44867,1,4,9,2330,720,50,47.5316,-122.233,4110,20336,0,0,1,0,0,0,0,0,0,0,0,0,0,0,1,0
285000,5,2.5,2270,6300,2,0,8,2270,0,23,47.3266,-122.169,2240,7005,0,0,1,0,0,0,0,1,0,0,0,0,0,0,0,0
252700,2,1.5,1070,9643,1,0,7,1070,0,33,47.3533,-122.166,1220,8386,0,0,1,0,0,0,0,0,0,0,0,0,0,0,0,0
329000,3,2.25,2450,6500,2,0,8,2450,0,33,47.3739,-122.172,2200,6865,0,0,0,1,0,0,0,0,0,0,0,0,0,0,0,0
233000,3,2,1710,4697,1.5,0,6,1710,0,77,47.3048,-122.218,1030,4705,0,1,0,0,0,0,0,0,0,0,0,0,0,0,0,0
937000,3,1.75,2450,2691,2,0,8,1750,700,103,47.6386,-122.36,1760,3573,0,0,1,0,0,0,0,0,0,0,0,0,1,0,0,0
667000,3,1,1400,1581,1.5,0,8,1400,0,109,47.6221,-122.314,1860,3861,0,1,0,0,0,0,0,0,0,0,0,0,0,1,0,0
438000,3,1.75,1520,6380,1,0,7,790,730,70,47.695,-122.304,1520,6235,0,0,1,0,0,0,0,0,0,0,1,0,0,0,0,0
719000,4,2.5,2570,7173,2,0,8,2570,0,13,47.7073,-122.11,2630,6026,0,0,1,0,0,0,0,0,0,0,1,0,0,0,0,0
580500,3,2.5,2320,3980,2,0,8,2320,0,15,47.5391,-122.07,2580,3980,0,0,1,0,0,0,0,0,0,0,1,0,0,0,0,0
280000,2,1.5,1190,1265,3,0,7,1190,0,13,47.7274,-122.357,1390,1756,0,0,1,0,0,0,0,1,0,0,0,0,0,0,0,0
687500,4,1.75,2330,5000,1.5,0,7,1510,820,89,47.6823,-122.368,1460,5000,0,0,0,1,0,0,0,0,0,1,0,0,0,0,0,0
535000,3,1,1090,3000,1.5,0,8,1090,0,89,47.6889,-122.375,1570,5080,0,0,0,1,0,0,0,0,0,1,0,0,0,0,0,0
322500,4,2.75,2060,6659,1,0,7,1280,780,37,47.4276,-122.157,2020,8720,0,0,1,0,0,0,0,1,0,0,0,0,0,0,0,0
696000,3,2.5,2300,3060,1.5,0,8,1510,790,88,47.6827,-122.31,1590,3264,15,0,1,0,0,1,0,0,0,0,1,0,0,0,0,0
550000,4,1,1660,34848,1,0,5,930,730,85,47.6621,-122.132,2160,11467,0,0,0,0,0,0,0,0,0,0,1,0,0,0,0,0
640000,4,2,2360,6000,2,0,8,2360,0,114,47.6702,-122.362,1730,4700,0,0,0,1,0,0,0,0,0,1,0,0,0,0,0,0
240000,4,1,1220,8075,1,0,7,890,330,49,47.3341,-122.282,1290,7800,0,0,0,0,1,0,0,0,0,0,0,0,0,0,0,0
605000,4,2.5,2620,7553,2,0,8,2620,0,22,47.5301,-122.18,2620,11884,0,0,1,0,0,0,0,0,1,0,0,0,0,0,0,0
625000,4,2.5,2570,5520,2,0,9,2570,0,18,47.6145,-122.027,2470,5669,0,0,1,0,0,0,0,0,0,0,1,0,0,0,0,0
775000,4,2.25,4220,24186,1,0,8,2600,1620,34,47.445,-122.347,2410,30617,0,0,1,0,0,0,0,0,1,0,0,0,0,0,0,0
861990,5,2.75,3595,5639,2,0,9,3595,0,4,47.6848,-122.016,3625,5639,0,0,1,0,0,0,0,0,0,0,1,0,0,0,0,0
685000,3,1,1570,2280,2,0,7,1570,0,96,47.6413,-122.364,1580,2640,0,0,1,0,0,0,0,0,0,0,0,0,1,0,0,0
309000,3,1,1280,9656,1,0,6,920,360,59,47.4485,-122.175,1340,8808,0,0,0,1,0,0,0,1,0,0,0,0,0,0,0,0
488000,3,2.5,3160,13603,2,0,8,3160,0,15,47.7443,-121.977,3050,9232,0,0,1,0,0,0,0,0,1,0,0,0,0,0,0,0
210490,3,1,990,8528,1,0,6,990,0,52,47.3066,-122.371,1228,8840,0,0,1,0,0,0,0,0,0,0,0,0,0,0,0,0
785000,4,2.5,2290,13416,2,0,9,2290,0,37,47.6194,-122.151,2680,13685,0,0,0,1,0,0,0,0,0,0,1,0,0,0,0,0
450000,3,1.75,1250,5963,1,0,7,1250,0,65,47.6796,-122.301,970,5100,0,0,0,1,0,0,0,0,0,0,1,0,0,0,0,0
1129575,3,2.5,2753,65005,1,2,9,2165,588,65,47.4041,-122.451,2680,72513,0,1,0,0,0,0,1,0,1,0,0,0,0,0,0,0
228000,3,1,1190,9199,1,0,7,1190,0,63,47.4258,-122.322,1190,9364,0,0,1,0,0,0,0,0,0,0,0,0,0,0,0,0
345000,5,2.5,3150,9134,1,0,8,1640,1510,52,47.4934,-122.189,1990,9133,0,0,0,1,0,0,0,0,1,0,0,0,0,0,0,0
600000,3,1.75,1410,4080,1,0,7,1000,410,68,47.6808,-122.384,1410,4080,0,0,0,1,0,0,0,0,0,1,0,0,0,0,0,0
585000,2,1.75,1980,8550,1,0,7,990,990,37,47.6989,-122.369,1480,6738,0,0,1,0,0,0,0,0,0,1,0,0,0,0,0,0
920000,5,2.25,2730,6000,1.5,0,8,2130,600,91,47.6571,-122.281,2730,6000,0,0,1,0,0,0,0,0,0,0,0,0,1,0,0,0
885000,4,2.5,2830,5000,2,0,9,2830,0,23,47.6597,-122.29,1950,5000,0,0,1,0,0,0,0,0,0,0,0,0,1,0,0,0
292500,4,2.5,2250,4495,2,0,7,2250,0,10,47.3663,-122.114,2250,4500,0,0,1,0,0,0,0,0,0,0,0,0,0,0,0,0
301000,3,2.5,2420,4750,2,0,8,2420,0,15,47.3663,-122.122,2690,4750,0,0,1,0,0,0,0,0,0,0,0,0,0,0,0,0
951000,5,3.25,3250,14342,2,4,8,3250,0,50,47.588,-122.116,2960,11044,0,0,0,1,0,0,0,0,0,0,1,0,0,0,0,0
430000,4,3,1850,9976,2,0,8,1850,0,27,47.5059,-122.149,2270,8542,0,0,1,0,0,0,0,0,1,0,0,0,0,0,0,0
650000,3,2.25,2150,21235,1,3,8,1590,560,59,47.4336,-122.339,2570,18900,0,0,0,1,0,0,0,0,1,0,0,0,0,0,0,0
289000,3,1.75,1260,8400,1,0,7,1260,0,64,47.4366,-122.335,1290,8750,0,0,1,0,0,0,0,0,0,0,0,0,0,0,0,0
505000,3,1.75,2519,8690,2,0,8,2519,0,45,47.4428,-122.344,2500,9500,0,1,0,0,0,0,0,0,1,0,0,0,0,0,0,0
549000,3,1.75,1540,1044,3,0,8,1540,0,4,47.6765,-122.32,1580,3090,0,0,1,0,0,0,0,0,0,0,1,0,0,0,0,0
425000,3,2.25,1660,6000,1,0,7,1110,550,39,47.6113,-122.297,1440,4080,0,0,1,0,0,0,0,0,0,0,1,0,0,0,0,0
317625,3,2.75,2770,3809,1.5,0,7,1770,1000,93,47.5747,-122.304,1440,4000,0,1,0,0,0,0,0,0,0,1,0,0,0,0,0,0
975000,4,2.5,2720,11049,2,0,10,2720,0,29,47.5815,-122.192,2750,11049,0,0,1,0,0,0,0,0,0,0,0,0,0,0,1,0
287000,4,2.5,2240,4648,2,0,7,2240,0,13,47.3378,-122.257,2221,4557,0,0,1,0,0,0,0,0,0,0,0,0,0,0,0,0
204000,3,1,1000,12070,1,0,7,1000,0,50,47.3621,-122.11,1010,12635,0,0,0,1,0,0,0,0,0,0,0,0,0,0,0,0
1129575,5,2.25,3200,20158,1,0,8,1600,1600,53,47.6303,-122.215,3390,20158,0,0,1,0,0,0,0,0,0,0,0,0,0,0,1,0
1040000,5,3.25,4770,50094,1,0,10,3070,1700,45,47.6525,-122.16,3530,38917,0,0,0,1,0,0,0,0,0,0,0,0,1,0,0,0
325000,3,2,1260,5612,1,0,7,1260,0,46,47.7362,-122.179,1640,4745,0,0,0,1,0,0,0,0,0,1,0,0,0,0,0,0
571000,4,2,2750,7807,1.5,0,7,2250,500,102,47.7168,-122.287,1510,7807,0,1,0,0,0,0,0,0,1,0,0,0,0,0,0,0
360000,4,2.5,2380,5000,2,0,8,2380,0,13,47.3608,-122.036,2420,5000,0,0,1,0,0,0,0,1,0,0,0,0,0,0,0,0
349000,3,1.75,1790,50529,1,0,7,1090,700,53,47.3511,-122.073,1940,50529,0,1,0,0,0,0,0,0,0,0,0,0,0,0,0,0
832500,4,4,3430,35102,2,0,10,2390,1040,32,47.5822,-121.987,3240,35020,0,0,0,1,0,0,0,0,0,0,0,0,1,0,0,0
380000,4,1.75,1760,7300,1,0,7,880,880,62,47.6034,-122.125,1680,7500,0,0,1,0,0,0,0,0,0,0,1,0,0,0,0,0
480000,3,1,1040,5060,1,0,7,1040,0,77,47.5636,-122.394,890,5060,0,0,1,0,0,0,0,0,0,0,1,0,0,0,0,0
410000,3,1,1410,5060,1,0,7,910,500,62,47.7073,-122.34,1130,5693,0,0,0,1,0,0,0,1,0,0,0,0,0,0,0,0
720000,4,2.5,3450,39683,2,0,10,3450,0,16,47.342,-122.025,3350,39750,0,0,1,0,0,0,0,0,1,0,0,0,0,0,0,0
390000,3,2.5,2350,5100,2,0,8,2350,0,15,47.3512,-122.008,2350,5363,0,0,1,0,0,0,0,1,0,0,0,0,0,0,0,0
360000,4,2.5,1900,5889,2,0,7,1900,0,26,47.349,-122.031,1870,6405,0,0,1,0,0,0,0,1,0,0,0,0,0,0,0,0
355000,2,1,2020,6720,1,0,7,1010,1010,70,47.5474,-122.291,1720,6720,0,0,1,0,0,0,0,0,1,0,0,0,0,0,0,0
356000,3,1.5,1680,8712,1,0,8,1680,0,54,47.4811,-122.149,1850,8797,0,0,1,0,0,0,0,0,1,0,0,0,0,0,0,0
315000,3,1,960,6634,1,0,6,960,0,66,47.7264,-122.31,1570,7203,0,0,1,0,0,0,0,0,1,0,0,0,0,0,0,0
940000,3,1.5,2140,3600,2,0,9,1900,240,93,47.6337,-122.365,2020,4800,0,0,1,0,0,0,0,0,0,0,0,0,1,0,0,0
305000,5,2.25,2660,8400,1.5,0,7,2660,0,57,47.2909,-122.189,1590,8165,0,1,0,0,0,0,0,1,0,0,0,0,0,0,0,0
461000,3,3.25,2770,6278,2,0,9,1980,790,12,47.5228,-122.199,1900,7349,0,0,1,0,0,0,0,0,1,0,0,0,0,0,0,0
215000,2,2.25,1610,2040,2,0,7,1610,0,39,47.518,-122.194,1950,2025,0,0,0,1,0,0,0,0,1,0,0,0,0,0,0,0
335000,2,1.75,1030,1066,2,0,7,765,265,12,47.5394,-122.387,1030,1106,0,0,1,0,0,0,0,0,0,1,0,0,0,0,0,0
1100000,5,2.75,3520,6353,2,0,10,3520,0,17,47.6506,-122.391,2520,6250,0,0,0,1,0,0,0,0,0,0,0,1,0,0,0,0
153000,3,1,1200,10500,1,0,7,1200,0,56,47.322,-122.351,1350,10500,0,0,1,0,0,0,0,0,0,0,0,0,0,0,0,0
430000,3,1.5,1580,5000,1,0,8,1290,290,79,47.687,-122.386,1570,4500,0,0,1,0,0,0,0,0,0,1,0,0,0,0,0,0
700000,3,1.5,1580,5000,1,0,8,1290,290,79,47.687,-122.386,1570,4500,0,0,1,0,0,0,0,0,0,1,0,0,0,0,0,0
905000,4,2.5,3300,10250,1,0,7,2390,910,72,47.5873,-122.249,1950,6045,26,0,1,0,0,1,0,0,0,0,0,0,0,0,1,0
247500,3,1.75,1960,15681,1,0,7,1960,0,51,47.3576,-122.277,1750,15616,0,0,1,0,0,0,0,0,0,0,0,0,0,0,0,0
199000,4,1.5,1160,6400,1,0,7,1160,0,43,47.3036,-122.378,1160,6400,0,0,0,1,0,0,0,0,0,0,0,0,0,0,0,0
314000,3,1.75,1810,41800,1,0,7,1210,600,38,47.4109,-121.958,1650,135036,0,1,0,0,0,0,0,1,0,0,0,0,0,0,0,0
437500,3,2.5,2320,36847,2,2,9,2320,0,26,47.4838,-121.714,2550,35065,0,0,1,0,0,0,0,0,1,0,0,0,0,0,0,0
850830,3,2.5,2070,13241,1.5,0,9,1270,800,108,47.6415,-122.315,2200,4500,0,1,0,0,0,0,0,0,0,0,0,0,1,0,0,0
555000,3,2,1980,3478,1.5,0,7,1440,540,89,47.6775,-122.372,1610,3478,0,0,0,1,0,0,0,0,0,1,0,0,0,0,0,0
699950,3,2.25,2190,107593,2,0,8,2190,0,35,47.7731,-122.08,2570,47777,0,0,0,1,0,0,0,0,0,0,0,1,0,0,0,0
1090000,3,2.5,2920,8113,2,0,8,2920,0,68,47.5814,-122.196,2370,8113,7,0,1,0,0,1,0,0,0,0,0,0,0,0,1,0
290000,3,1,1210,33919,1,0,7,1210,0,64,47.4375,-122.184,1640,14910,0,0,1,0,0,0,0,1,0,0,0,0,0,0,0,0
375000,3,2.5,2340,10005,1,0,8,1460,880,40,47.4431,-122.133,2250,8162,0,0,0,1,0,0,0,1,0,0,0,0,0,0,0,0
460000,3,1,1670,4005,1.5,0,7,1170,500,79,47.6878,-122.38,1240,4005,0,0,0,1,0,0,0,0,0,1,0,0,0,0,0,0
188500,2,1.75,1240,2493,1,0,8,1240,0,33,47.3813,-122.322,1270,4966,0,0,0,1,0,0,0,0,0,0,0,0,0,0,0,0
680000,4,2.5,3140,28037,2,0,10,3140,0,27,47.7304,-122.082,2990,35001,0,0,0,1,0,0,0,0,0,0,0,1,0,0,0,0
470000,5,1.75,2030,12342,2,0,7,2030,0,76,47.6417,-122.109,2500,9433,0,0,0,1,0,0,0,0,0,0,1,0,0,0,0,0
597750,4,2.5,2310,9624,2,0,8,2310,0,34,47.5386,-122.053,1940,9636,0,0,1,0,0,0,0,0,0,0,1,0,0,0,0,0
570000,3,1.75,1260,3328,1,0,6,700,560,113,47.6823,-122.349,1380,3536,0,1,0,0,0,0,0,0,0,1,0,0,0,0,0,0
272500,3,1.75,1540,12600,1,0,7,1160,380,38,47.3624,-122.031,1540,11656,0,0,0,1,0,0,0,1,0,0,0,0,0,0,0,0
329950,3,1.75,2080,5969,1,2,7,1080,1000,47,47.5474,-122.295,2090,5500,0,0,1,0,0,0,0,1,0,0,0,0,0,0,0,0
480000,4,2.5,3230,16171,2,3,9,2520,710,17,47.3183,-122.253,2640,8517,0,0,1,0,0,0,0,0,0,0,0,0,0,0,0,0
740500,3,3.5,4380,6350,2,0,8,2780,1600,118,47.6981,-122.368,1830,6350,18,0,1,0,0,1,0,0,0,1,0,0,0,0,0,0
518500,3,3.5,1590,1102,3,0,8,1590,0,8,47.6824,-122.347,1620,3166,0,0,1,0,0,0,0,0,0,1,0,0,0,0,0,0
205425,2,1,880,6780,1,0,6,880,0,73,47.5009,-122.248,1190,6780,0,0,0,1,0,0,0,0,0,0,0,0,0,0,0,0
171800,4,2,1570,9600,1,0,6,1570,0,68,47.4965,-122.303,1880,9000,0,0,1,0,0,0,0,0,0,0,0,0,0,0,0,0
535000,4,1,1610,2982,1.5,0,7,1610,0,93,47.587,-122.294,1610,4040,0,0,0,1,0,0,0,0,0,1,0,0,0,0,0,0
660000,3,2.5,2400,6474,1,2,8,1560,840,54,47.7728,-122.386,2340,10856,0,0,1,0,0,0,0,0,0,0,1,0,0,0,0,0
391500,3,2,1450,9132,1,0,7,1450,0,31,47.7288,-122.226,1580,9104,0,0,1,0,0,0,0,0,0,1,0,0,0,0,0,0
395000,2,1,770,6000,1,0,6,770,0,65,47.6999,-122.364,1710,6000,0,0,1,0,0,0,0,0,0,1,0,0,0,0,0,0
445000,4,1.75,2100,4400,1.5,0,7,1720,380,94,47.5299,-122.266,1850,4400,0,1,0,0,0,0,0,0,1,0,0,0,0,0,0,0
770000,3,2.25,2910,10204,2,0,9,2910,0,28,47.6897,-122.098,2700,13992,0,0,1,0,0,0,0,0,0,0,1,0,0,0,0,0
1129575,4,2.75,2750,17789,1.5,0,8,1980,770,104,47.6141,-122.212,3060,11275,24,0,1,0,0,1,0,0,0,0,0,0,0,0,1,0
445000,3,2.25,2100,8201,1,2,8,1620,480,51,47.5091,-122.244,2660,8712,0,0,1,0,0,0,0,0,0,0,0,0,0,0,0,0
260000,4,2.25,2160,8811,1,0,8,1360,800,40,47.3129,-122.39,2090,8400,0,0,1,0,0,0,0,0,0,0,0,0,0,0,0,0
822500,5,3.5,2320,4960,2,0,7,1720,600,92,47.6763,-122.352,1700,4960,0,1,0,0,0,0,0,0,0,1,0,0,0,0,0,0
430000,4,2.5,2070,4310,2,0,7,2070,0,14,47.5319,-121.85,1970,3748,0,0,1,0,0,0,0,0,0,1,0,0,0,0,0,0
212000,3,1.75,1060,7875,1,0,7,1060,0,32,47.2761,-122.152,1420,7680,0,0,0,1,0,0,0,1,0,0,0,0,0,0,0,0
660500,4,2.25,2010,9603,1,0,8,1440,570,32,47.5343,-122.054,2060,9793,0,0,1,0,0,0,0,0,0,0,1,0,0,0,0,0
784000,3,3.5,3950,111078,1.5,0,9,2460,1490,29,47.697,-122.072,2480,88500,0,0,1,0,0,0,0,0,0,0,1,0,0,0,0,0
453246,3,2.5,2010,2287,2,0,8,1390,620,4,47.5517,-121.998,1690,1662,0,0,1,0,0,0,0,0,0,0,1,0,0,0,0,0
675000,4,3.5,2140,2278,3,0,9,2140,0,13,47.6734,-122.38,1540,2285,0,0,1,0,0,0,0,0,0,1,0,0,0,0,0,0
199000,3,1.75,1320,17390,1,0,7,1320,0,62,47.3257,-122.296,1550,19265,0,0,0,1,0,0,0,0,0,0,0,0,0,0,0,0
220000,4,1.75,2020,7840,1,0,7,1010,1010,50,47.3309,-122.299,1750,8140,0,0,1,0,0,0,0,0,0,0,0,0,0,0,0,0
452000,4,2.25,2590,10002,1,0,8,1340,1250,50,47.7689,-122.266,1550,10436,0,0,0,1,0,0,0,0,1,0,0,0,0,0,0,0
382500,2,1,1190,4440,1,0,6,1190,0,37,47.7135,-122.287,1060,5715,0,0,1,0,0,0,0,0,1,0,0,0,0,0,0,0
519950,3,2.25,1170,1249,3,0,8,1170,0,4,47.6722,-122.381,1350,1310,0,0,1,0,0,0,0,0,0,1,0,0,0,0,0,0
665000,2,1,1110,3200,1,0,7,1110,0,93,47.6338,-122.358,1170,3600,0,0,1,0,0,0,0,0,0,0,0,0,1,0,0,0
527700,5,2.5,2820,9375,1,0,8,1550,1270,50,47.5707,-122.128,2820,9375,0,0,0,1,0,0,0,0,0,0,0,0,1,0,0,0
205000,3,1,1610,8579,1,0,7,1010,600,56,47.4563,-122.171,1610,8579,0,0,0,1,0,0,0,1,0,0,0,0,0,0,0,0
420000,3,1,1060,8097,1,0,7,940,120,95,47.7144,-122.351,1560,7940,0,0,0,1,0,0,0,1,0,0,0,0,0,0,0,0
500000,4,2.25,2030,8517,1,0,8,1380,650,57,47.5495,-122.174,2230,8824,0,0,0,1,0,0,0,0,0,0,0,0,1,0,0,0
921500,4,2.5,3670,315374,2,0,9,3670,0,24,47.7421,-122.026,2840,87991,0,0,0,1,0,0,0,0,0,0,0,1,0,0,0,0
890000,4,1,2550,4000,2,0,8,2370,180,113,47.6354,-122.353,2200,4000,0,0,1,0,0,0,0,0,0,0,0,0,1,0,0,0
430000,2,2.5,2420,60984,2,0,7,2420,0,11,47.5262,-121.943,1940,193842,0,0,1,0,0,0,0,0,0,0,1,0,0,0,0,0
258000,5,2,2260,12500,1,0,8,1130,1130,58,47.3887,-122.286,1360,18000,0,0,0,1,0,0,0,0,0,0,0,0,0,0,0,0
511000,3,1,1430,3455,1,0,7,980,450,71,47.6873,-122.336,1450,4599,0,0,1,0,0,0,0,0,0,1,0,0,0,0,0,0
532170,3,2,1360,3090,2,0,8,1360,0,28,47.6838,-122.353,1500,3090,0,0,1,0,0,0,0,0,0,1,0,0,0,0,0,0
560000,3,1,1110,5000,1.5,0,7,1110,0,71,47.655,-122.359,1420,5000,0,0,1,0,0,0,0,0,0,1,0,0,0,0,0,0
282950,3,1,1250,8200,1,0,7,1250,0,64,47.3255,-122.304,1680,8633,0,0,0,1,0,0,0,0,0,0,0,0,0,0,0,0
1129575,4,3.25,5180,19850,2,3,10,3540,1640,12,47.562,-122.162,3160,9750,0,0,1,0,0,0,0,0,0,0,0,0,1,0,0,0
350000,1,1,700,5100,1,0,7,700,0,76,47.679,-122.3,1010,5100,0,0,1,0,0,0,0,0,0,0,1,0,0,0,0,0
215000,3,1,1180,7669,1,0,7,1180,0,51,47.4479,-122.176,1190,7669,0,0,0,1,0,0,0,1,0,0,0,0,0,0,0,0
650000,5,3.5,3960,25245,2,0,9,2500,1460,22,47.525,-122.172,2640,13675,0,0,1,0,0,0,0,0,1,0,0,0,0,0,0,0
320000,4,2.75,2640,7500,1,0,8,1620,1020,51,47.3135,-122.369,1980,7875,0,0,1,0,0,0,0,0,0,0,0,0,0,0,0,0
247000,3,2,1270,7198,1.5,0,7,1270,0,102,47.2086,-121.996,1160,7198,4,0,1,0,0,1,0,0,0,0,0,0,0,0,0,0
320000,4,1.75,1760,11180,1,0,8,1760,0,50,47.4715,-122.118,1730,11180,0,0,0,1,0,0,0,0,1,0,0,0,0,0,0,0
255000,5,2.25,2060,8632,1,0,7,1030,1030,56,47.4877,-122.335,1010,11680,0,0,1,0,0,0,0,1,0,0,0,0,0,0,0,0
438000,3,1.75,1780,9660,1,0,7,1780,0,56,47.7171,-122.193,1200,9660,0,0,1,0,0,0,0,0,0,1,0,0,0,0,0,0
900000,3,2.5,3400,16603,2,0,10,3400,0,18,47.6012,-122.023,3400,12601,0,0,1,0,0,0,0,0,0,0,0,0,1,0,0,0
441000,3,2.75,1910,7280,1,0,7,1160,750,39,47.7319,-122.224,1710,8152,0,0,1,0,0,0,0,0,0,1,0,0,0,0,0,0
420000,3,2,2020,38332,1,0,7,1010,1010,43,47.4582,-122.023,2110,36590,0,0,0,1,0,0,0,0,0,0,1,0,0,0,0,0
370000,3,1.75,1580,7000,1,0,7,1180,400,42,47.7209,-122.168,1640,7500,0,0,1,0,0,0,0,0,0,1,0,0,0,0,0,0
269950,2,1.75,1340,7250,1,0,5,700,640,69,47.408,-122.327,1830,9750,0,1,0,0,0,0,0,0,0,0,0,0,0,0,0,0
807100,4,2.5,2680,4499,2,0,9,2680,0,19,47.565,-122.125,2920,4500,0,0,1,0,0,0,0,0,0,0,0,0,1,0,0,0
371500,3,2,1370,8336,1,0,7,1370,0,54,47.7458,-122.331,1770,7288,0,1,0,0,0,0,0,1,0,0,0,0,0,0,0,0
284000,3,1.75,1560,21000,1,0,7,1560,0,64,47.4776,-122.337,1070,7920,0,0,1,0,0,0,0,0,1,0,0,0,0,0,0,0
272000,3,1.75,2160,7140,1,0,7,1670,490,40,47.3026,-122.374,1930,7350,0,0,0,1,0,0,0,0,0,0,0,0,0,0,0,0
313000,3,1.5,1340,7912,1.5,0,7,1340,0,63,47.7658,-122.339,1480,7940,0,0,1,0,0,0,0,1,0,0,0,0,0,0,0,0
917500,4,2.5,3880,35003,2,0,10,2570,1310,34,47.6477,-122.182,3740,35230,0,0,1,0,0,0,0,0,0,0,0,1,0,0,0,0
673000,4,2.25,2590,8190,2,0,8,2590,0,38,47.5619,-122.125,2260,8335,0,0,0,1,0,0,0,0,0,0,0,0,1,0,0,0
425000,3,2.5,1120,1100,2,0,8,820,300,10,47.6106,-122.31,1590,1795,0,0,1,0,0,0,0,0,0,0,1,0,0,0,0,0
399950,5,2.75,1970,5400,1,0,7,1320,650,32,47.5868,-122.308,1280,2150,0,0,1,0,0,0,0,0,0,1,0,0,0,0,0,0
385000,3,1,1220,4800,1,0,6,1220,0,117,47.6101,-122.307,1200,4800,0,0,1,0,0,0,0,0,0,0,1,0,0,0,0,0
269950,3,1.5,1950,7560,1,2,7,1320,630,43,47.1976,-121.999,1950,8941,0,0,0,1,0,0,0,0,0,0,0,0,0,0,0,0
330000,2,1,1350,8220,1,0,7,1060,290,69,47.7224,-122.358,1540,8280,0,0,1,0,0,0,0,0,0,0,1,0,0,0,0,0
260000,3,2.5,1670,5797,2,0,7,1670,0,30,47.3505,-122.179,1670,6183,0,0,1,0,0,0,0,0,0,0,0,0,0,0,0,0
470000,4,3,2380,5125,1.5,0,7,1680,700,93,47.5384,-122.376,1410,5375,0,0,0,1,0,0,0,0,1,0,0,0,0,0,0,0
589000,4,3,2440,9600,2,0,7,2440,0,57,47.7044,-122.2,2290,9600,0,1,0,0,0,0,0,0,0,1,0,0,0,0,0,0
163500,2,1.5,1050,3419,2,0,7,1050,0,22,47.3848,-122.039,1050,3417,0,0,1,0,0,0,0,1,0,0,0,0,0,0,0,0
835000,4,2.75,3130,13412,2,0,9,2140,990,25,47.6993,-122.102,2260,9984,0,0,1,0,0,0,0,0,0,0,1,0,0,0,0,0
1100000,5,3,4090,12850,1,2,10,2090,2000,32,47.6627,-122.188,2540,10270,0,0,0,1,0,0,0,0,0,0,0,1,0,0,0,0
269000,4,1.75,1490,10000,1,0,8,1100,390,49,47.3099,-122.379,2190,8910,0,0,0,1,0,0,0,0,0,0,0,0,0,0,0,0
560000,3,2.5,1900,8744,2,0,8,1900,0,31,47.62,-122.043,2030,8744,0,0,1,0,0,0,0,0,0,0,1,0,0,0,0,0
615000,4,1,1330,2400,1.5,0,6,1330,0,117,47.65,-122.34,1330,4400,0,0,0,1,0,0,0,0,0,1,0,0,0,0,0,0
585188,3,2.25,2230,10026,1,0,8,1430,800,43,47.6647,-122.153,2230,9340,0,0,1,0,0,0,0,0,0,0,1,0,0,0,0,0
305000,3,1.75,1650,9480,1,0,7,1220,430,41,47.726,-122.191,1540,8400,0,0,1,0,0,0,0,0,0,1,0,0,0,0,0,0
166950,3,1,1190,8820,1,0,6,1190,0,59,47.4616,-122.184,1230,7980,0,0,1,0,0,0,0,1,0,0,0,0,0,0,0,0
799000,3,2.5,2140,9897,1,0,8,2140,0,59,47.5505,-122.219,2680,10083,0,0,0,1,0,0,0,0,0,0,0,0,0,0,1,0
400000,3,2.5,2180,7508,1,0,7,1420,760,56,47.7606,-122.336,1900,7818,0,0,0,1,0,0,0,1,0,0,0,0,0,0,0,0
230000,3,1,1060,10228,1,0,7,1060,0,70,47.7481,-122.3,1570,10228,0,0,1,0,0,0,0,0,1,0,0,0,0,0,0,0
256883,3,2.5,1690,5025,2,0,8,1690,0,15,47.2779,-122.347,2550,5001,0,0,1,0,0,0,0,0,0,0,0,0,0,0,0,0
423000,4,2,1970,6480,1.5,0,7,1130,840,98,47.5511,-122.312,1500,6480,0,1,0,0,0,0,0,1,0,0,0,0,0,0,0,0
465000,3,2.5,2150,4084,2,0,8,2150,0,11,47.5488,-122.372,1750,2385,0,0,1,0,0,0,0,0,1,0,0,0,0,0,0,0
440000,3,2.5,1910,66211,2,0,7,1910,0,21,47.5385,-121.911,2330,67268,0,0,1,0,0,0,0,0,0,1,0,0,0,0,0,0
385000,3,1.75,1350,155073,1,0,7,1350,0,49,47.4058,-121.994,1560,50965,0,0,0,1,0,0,0,1,0,0,0,0,0,0,0,0
210000,3,1,860,11725,1,0,6,860,0,75,47.5093,-122.184,1300,9514,0,0,0,1,0,0,0,0,1,0,0,0,0,0,0,0
